Absolument ! Voici un dictionnaire bilingue (Français-Mooré) basé sur le document que vous avez fourni. J'ai sélectionné les mots les plus courants et utiles pour un usage quotidien, en m'appuyant sur les définitions du fichier.

J'ai organisé la présentation pour qu'elle soit claire et pratique, avec des catégories pour faciliter la navigation.

---

### **Dictionnaire Français - Mooré**

**Comment lire ce dictionnaire :**
*   **Mot français** : Le mot que vous cherchez.
*   **Mot mooré** : La traduction principale.
*   **(Variante)** : Si le mot peut s'écrire ou se dire d'une autre manière.
*   **[Catégorie]** : Pour vous aider à comprendre le contexte (ex: `Nom`, `Verbe`, `Adverbe`, `Saluer`, `Famille`, `Corps`, etc.).
*   **Exemple** : Une phrase simple pour illustrer l'utilisation.

---

### **A**

*   **Accepter** -> `sake` [Verbe]. Ex: *A sakame.* (Il/Elle a accepté.)
*   **Acheter** -> `ra` / `da` [Verbe]. Ex: *M raa kut-weefo.* (J'ai acheté un vélo.)
*   **Adresse** -> `belem zĩiga` / `adersé` (emprunt) [Nom].
*   **Aider** -> `sõnge` / `lɩɩse` [Verbe]. Ex: *Wa sõng-d tɩ d tʋm.* (Viens nous aider à travailler.)
*   **Aîné(e)** -> `kẽema` (frère/soeur aîné-e) [Famille]. Ex: *A yaa m kẽema.* (C'est mon frère aîné.)
*   **Aller** -> `kẽnge` / `kube` [Verbe]. Ex: *M kẽnga raaga.* (Je suis allé au marché.)
*   **Ami** -> `zoa` / `zaato` [Nom]. Ex: *A yaa m zoa.* (C'est mon ami.)
*   **Amour** -> `nonglem` [Nom].
*   **Âne** -> `bõanga` [Nom]. Ex: *Bõanga ka rat n kẽn ye.* (L'âne ne veut pas avancer.)
*   **Année** -> `yʋʋmde` [Nom]. Ex: *Yʋʋm sẽn looge.* (L'année passée.)
*   **Appeler** -> `boole` [Verbe]. Ex: *Bool-a t'a wa.* (Appelle-le pour qu'il vienne.)
*   **Apprendre** -> `zãmse` [Verbe]. Ex: *M data n zãms mooré.* (Je veux apprendre le mooré.)
*   **Après** -> `poore` / `rẽ poore` [Préposition]. Ex: *Rẽ poore, a waame.* (Après ça, il est venu.)
*   **Aujourd'hui** -> `rũnda` / `dũndã` [Adverbe].
*   **Arbre** -> `tɩɩga` [Nom].
*   **Argent (monnaie)** -> `ligdi` / `wãdgre` [Nom]. Ex: *M ka tar ligdi ye.* (Je n'ai pas d'argent.)
*   **Arriver** -> `ta` [Verbe]. Ex: *A na n ta beoogo.* (Il arrivera demain.)
*   **Attacher** -> `loe` [Verbe]. Ex: *Loe bʋʋgã ne wĩiri.* (Attache la chèvre avec une corde.)

### **B**

*   **Balai** -> `saaga` [Nom].
*   **Beaucoup** -> `wʋsgo` / `yagre` [Adverbe]. Ex: *A rɩta wʋsgo.* (Il mange beaucoup.)
*   **Beau / Belle** -> `neere` / `zelbre` [Adjectif]. Ex: *Pʋgã yaa neere.* (La femme est belle.)
*   **Bien (adv.)** -> `sõama` / `neere` [Adverbe]. Ex: *A tʋmda sõama.* (Il travaille bien.)
*   **Bière (de mil)** -> `rãam` / `dãam` [Nom].
*   **Blanc (couleur)** -> `pɛɛlga` / `peoolgo` [Adjectif]. Ex: *Fuugã yaa pɛɛlga.* (Le vêtement est blanc.)
*   **Bleu** -> `këega` / `koobr gelle` [Adjectif].
*   **Bois** -> `raoogo` [Nom].
*   **Bon / Bonne** -> `sõngo` / `sõmde` [Adjectif]. Ex: *Rɩɩbã yaa sõama.* (La nourriture est bonne.)
*   **Bonjour** -> `Ne y yibeoogo` (matin) / `Ne y wĩndga` (midi) / `Ne y zaabre` (soir) [Formule de salutation].
*   **Bouche** -> `noor` [Corps].
*   **Boutique** -> `bitga` [Nom].
*   **Bras** -> `nugu` / `kanga` [Corps].
*   **Brosse** -> `borose` (emprunt) [Nom].

### **C**

*   **C'est** -> `yaa` / `la` [Verbe]. Ex: *Yaa maam.* (C'est moi.)
*   **Cahier** -> `sebre` (petit livre) / *kaye* (emprunt).
*   **Calendrier** -> `da-burga` / *kaländirye* (emprunt).
*   **Campagne (à la)** -> `weoogo` [Nom]. Ex: *A bee weoogẽ.* (Il est à la campagne/aux champs.)
*   **Canari (pot)** -> `yʋʋre` (pour l'eau).
*   **Carte d'identité** -> *kadântiki* / `neng sebre` [Nom].
*   **Cent** -> `koabga` [Numéral].
*   **Ce / Cette / Cet** -> `kãnga` (ce ...-là) / `woto` (ceci).
*   **Champ** -> `pʋʋgo` [Nom]. Ex: *A kẽnga pʋʋgẽ.* (Il est allé au champ.)
*   **Chance** -> `zu-noogo` [Nom].
*   **Chanter** -> `yɩɩle` [Verbe]. Ex: *A yɩɩnda sõama.* (Elle chante bien.)
*   **Chat** -> `yũuga` / `yuuga` [Nom].
*   **Chaud** -> `tʋʋlga` [Adjectif].
*   **Chef (traditionnel)** -> `naaba` [Nom].
*   **Chemin / Route** -> `sore` [Nom].
*   **Chemise** -> `fu-yergo` [Vêtement].
*   **Chercher** -> `bao` [Verbe]. Ex: *M baooda foo.* (Je te cherche.)
*   **Cheval** -> `weefo` / `wed-moaaga` [Nom].
*   **Cheveux** -> `zoobgo` (un cheveu) / `zoobdo` (les cheveux) [Corps].
*   **Chèvre** -> `bʋʋga` [Nom].
*   **Chien** -> `baaga` [Nom].
*   **Chiffre** -> `sõd-bila` / *geel-bila* [Nom].
*   **Cinq** -> `nu` [Numéral].
*   **Cœur** -> `sũuri` [Corps, Sentiment].
*   **Comprendre** -> `wʋme` [Verbe]. Ex: *Fo wʋma?* (Tu as compris ?)
*   **Compter** -> `sõde` [Verbe, Mathématiques]. Ex: *Sõd ligdã.* (Compte l'argent.)
*   **Conseil** -> `saglga` [Nom]. Ex: *Sak saglgã.* (Écoute/accepte le conseil.)
*   **Construire** -> `me` [Verbe]. Ex: *B me roogo.* (Ils ont construit une maison.)
*   **Corde** -> `wĩiri` / `loɛtga` [Nom].
*   **Coudre** -> `sẽ (sẽta)` [Verbe]. Ex: *A sẽda fuugu.* (Elle coud un vêtement.)
*   **Courage** -> `raoodo` / `sũ-keelem` [Nom].
*   **Courir** -> `zoe` [Verbe]. Ex: *Biigã zoeta.* (L'enfant court.)
*   **Couteau** -> `sʋʋga` [Nom].
*   **Craindre / Avoir peur** -> `zoe` (rabeem) / `zʋ` [Verbe].
*   **Crayon** -> *keryõ* (emprunt) / `gʋls-raoogo` [Nom].
*   **Créer** -> `naane` [Verbe].
*   **Crier** -> `waase` / `kaase` / `keleme` [Verbe].
*   **Croire** -> `tẽ` / `sãmbe` [Verbe].

### **D**

*   **D'accord** -> `woo` [Interjection].
*   **Dame** -> `paga` [Nom].
*   **Dans** -> `pʋga` / `pʋgẽ` [Préposition].
*   **Danger** -> `masɩɩba` / `yel-pakre` [Nom].
*   **Dent** -> `yẽnde` [Corps].
*   **Dernier** -> `kaoogo` / `yaoolem` [Adjectif].
*   **Derrière** -> `poore` / `kudga` [Préposition, Corps].
*   **Dessin** -> `naande` / `desẽ` (emprunt) [Nom].
*   **Deux** -> `yi` / `yiibu` [Numéral].
*   **Dieu** -> `Wẽnnaam` / `Wẽnde` [Nom].
*   **Difficile** -> `toogo` [Adjectif]. Ex: *Tʋʋmã yaa toogo.* (Le travail est difficile.)
*   **Dire** -> `yeele` [Verbe]. Ex: *A yeelame...* (Il/Elle a dit...)
*   **Docteur / Médecin** -> `logtore` [Profession].
*   **Doigt** -> `nug-bila` [Corps].
*   **Donc** -> `dẽ wã yaa` / `rẽ n so` [Conjonction].
*   **Donner** -> `kõ` [Verbe]. Ex: *Kõ-m maam.* (Donne-moi.)
*   **Dormir** -> `gũsi` [Verbe]. Ex: *A gũsa sõama.* (Il/Elle a bien dormi.)
*   **Dos** -> `poore` / `kudga` [Corps].
*   **Droite (côté)** -> `rɩtgo` [Direction].
*   **Dur** -> `kegemde` / `kãdemde` [Adjectif].

### **E**

*   **Eau** -> `koom` [Nom]. Ex: *M yũuda koom.* (Je bois de l'eau.)
*   **École** -> `karen-doogo` / `lekolle` (emprunt) [Nom].
*   **Écrire** -> `gulse` [Verbe]. Ex: *A gʋlsa sebre.* (Il a écrit un livre/une lettre.)
*   **Écouter** -> `kelge` [Verbe]. Ex: *Kelg-y n wʋm.* (Écoutez pour comprendre.)
*   **Église** -> `wẽnd-doogo` [Nom].
*   **Elle / Lui** -> `a` / `yẽ` / `yẽnda` [Pronom].
*   **Enfant** -> `biiga` [Nom].
*   **Ensuite** -> `dẽ poore` / `rẽ zugẽ` [Adverbe].
*   **Entre** -> `sʋka` [Préposition].
*   **Entrer** -> `kẽ` [Verbe]. Ex: *Kẽ roogẽ.* (Entre dans la maison.)
*   **Enveloppe (de lettre)** -> *envelope* (emprunt).
*   **Épouse** -> `paga` [Famille]. Ex: *A paga watame.* (Sa femme arrive.)
*   **Espace** -> `vɩʋʋgo` / `weere` [Nom].
*   **Essayer** -> `make` / `mao` [Verbe].
*   **Et** -> `la` / `ne` / `tɩ` [Conjonction].
*   **Être (verbe)** -> `ya` / `be` (être dans un lieu).
*   **Étudiant** -> `karen-biiga` [Nom].
*   **Excuse-moi / Pardon** -> `maan-m sugri` / `yaafa` / `kabre` [Interjection].

### **F**

*   **Facile** -> `nana` / `faasga` [Adjectif].
*   **Faim** -> `kom` [Nom]. Ex: *Kom n tar maam.* (J'ai faim.)
*   **Faire** -> `maane` [Verbe]. Ex: *Fo maanda bõe?* (Que fais-tu ?)
*   **Farine** -> `zom` [Nom].
*   **Fatigué** -> `ya` [Adjectif, Verbe].
*   **Femme** -> `paga` / `nin-paga` [Nom].
*   **Fenêtre** -> `peem-lɛɛga` / *fẽnetre* (emprunt) [Nom].
*   **Feu** -> `bugum` [Nom].
*   **Feuille** -> `vããoogo` (d'arbre) / `seb-vãoogo` (de papier) [Nom].
*   **Fille** -> `bi-pugla` / `pʋg-sada` (jeune fille) [Nom].
*   **Fils** -> `bi-ribla` / `biiga` [Famille].
*   **Finir** -> `sa` / `baase` / `sɛ` [Verbe].
*   **Fleur** -> `puugu` [Nom].
*   **Fois** -> `naoore` / `noore` [Nom]. Ex: *A waa naoor a tã.* (Il est venu trois fois.)
*   **Froid** -> `waoodo` / `wogdo` [Nom, Adjectif].
*   **Fruit** -> `biiga` (grain) / *tɩɩg-biisi* [Nom].

### **G**

*   **Garçon** -> `bi-ribla` / `kom-dibli` [Nom].
*   **Gauche (côté)** -> `goabga` [Direction].
*   **Gens** -> `neba` / `neda` (une personne) [Nom].
*   **Gifle** -> `pɛka` / `lampɛka` [Nom].
*   **Glace** -> `ko-gisdim` [Nom].
*   **Gombo** -> `maande` [Nom, Aliment].
*   **Homme** -> `raoa` / `nin-daoa` [Nom].
*   **Honneur** -> `ziiri` / `waoogre` [Nom].
*   **Houe (daba)** -> `kũuri` / `wãka` [Outil].
*   **Huit** -> `nii` [Numéral].
*   **Humide** -> `maasre` / `midga` [Adjectif].

### **I - J - K**

*   **Ici** -> `ka` [Adverbe].
*   **Ignorer / Ne pas savoir** -> `zɩ` [Verbe]. Ex: *M zɩa.* (Je ne sais pas.)
*   **Il / Elle / Lui** -> `a` / `yẽ` / `yẽnda` [Pronom].
*   **Jalousie** -> `sũ-kiiri` [Nom].
*   **Jamais** -> `abada` / `bada` / `lɛ-lɛ` [Adverbe].
*   **Jambe** -> `karga` / `naoore` [Corps].
*   **Jardin** -> `zagdẽ` / `zẽ-pʋʋgo` [Nom].
*   **Je** -> `mam` / `maam` [Pronom].
*   **Jeune** -> `polle` / `bila` (petit) [Adjectif].
*   **Joli** -> `neere` / `zelbre` [Adjectif].
*   **Joue** -> `yagdga` / `yegre` [Corps].
*   **Journal** -> `kibaya` / `kibay sebre` / `zʋgnalle` (emprunt) [Nom].
*   **Jour** -> `raare` / `daare` [Nom].
*   **Juge** -> `zʋʋse` (emprunt) / `bv-kaooda` [Profession].
*   **Kilomètre (km)** -> `kilometre` (emprunt) [Nom, Mathématiques].
*   **Laver** -> `peke` / `pɛge` [Verbe]. Ex: *Pek f nugã.* (Lave tes mains.)
*   **Lendemain** -> `vẽkembeoogo` [Nom].
*   **Lentement** -> `bilf-bilfu` / `maasg-maasga` [Adverbe].
*   **Lettre (message)** -> `lɛtre` (emprunt) / `sebre` [Nom].
*   **Lever (se)** -> `yiki` [Verbe]. Ex: *Yik n kẽng.* (Lève-toi et va.)
*   **Lire** -> `kar-me` / `karme` [Verbe]. Ex: *A karemda sebrã.* (Il/Elle lit le livre.)
*   **Livre** -> `sebre` / `seb-karemdga` [Nom].
*   **Loin** -> `yɩɩga` / `zãorgo` [Adjectif].
*   **Lui / Elle** -> `a` / `yẽ` / `yẽnda` [Pronom].
*   **Lune** -> `kiuugu` [Nom, Ciel].
*   **Main** -> `nugu` [Corps].
*   **Maintenant** -> `masã` / `moasã` / *marsã* [Adverbe].
*   **Mais** -> `la` [Conjonction].
*   **Maison** -> `yiri` / `roogo` / `zaka` [Nom].
*   **Maïs** -> `kamaana` (le grain) / `kamaanga` (le champ) [Nom, Aliment].
*   **Mal (opposé de bien)** -> `wẽnga` / `yoodo` [Adjectif, Nom].
*   **Malade** -> `bãada` / `bẽeda` [Adjectif, Nom]. Ex: *A bẽedame.* (Il/Elle est malade.)
*   **Maman** -> `ma` [Famille].
*   **Manger** -> `rɩ` / `dɩ` [Verbe]. Ex: *D rɩ tɩ d yi n looge.* (Mangeons et ensuite partons.)
*   **Manguier / Mangue** -> `mang-tɩɩga` / `mangre` [Nom, Aliment].
*   **Marché** -> `raaga` / `daaga` [Nom].
*   **Mardi** -> `talaato` (emprunt) [Nom].
*   **Mari** -> `sɩda` / `pʋg-sɩda` [Famille].
*   **Mariage** -> `kãadem` / `furi` / `maryaase` [Nom].
*   **Matin** -> `yibeoogo` [Nom].
*   **Mauvais** -> `wẽnga` / `yoogo` [Adjectif].
*   **Méchant** -> `beoogo` / `wẽnga` [Adjectif].
*   **Médicament** -> `tɩɩm` [Nom].
*   **Mer** -> `mogre` / `ko-kãsenga` [Nom].
*   **Mercredi** -> `arba` / `laarba` (emprunt) [Nom].
*   **Mère** -> `ma` [Famille].
*   **Mesurer** -> `mage` [Verbe].
*   **Mettre** -> `ningi` [Verbe].
*   **Meubles / Bagages** -> `teedo` [Nom].
*   **Midi** -> `wĩnto-sʋka` [Nom, Temps].
*   **Miel** -> `sɩɩdo` [Nom, Aliment].
*   **Mieux (aller)** -> *são* / *sãoome* [Verbe].
*   **Mil (céréale)** -> `ki` / `kaafo` [Nom, Agriculture].
*   **Mille** -> `tusri` / `waaga` [Numéral].
*   **Million** -> `milyõ` (emprunt) / `tus-kẽemde` [Numéral].
*   **Minuit** -> `yʋn-sʋka` [Nom, Temps].
*   **Miroir** -> `nin-gɛtga` / *gɛtga* [Nom].
*   **Mois** -> `kiuugu` [Nom, Temps].
*   **Mon / Ma / Mes** -> `mam` / `maam` [Possessif].
*   **Monde** -> `dũniya` / `moogo` [Nom].
*   **Monsieur (Untel)** -> `a zagla` [Nom].
*   **Montagne** -> `tãnga` [Nom, Géographie].
*   **Monter** -> `rʋ` [Verbe]. Ex: *A rʋʋ tɩɩgã.* (Il a grimpé à l'arbre.)
*   **Montre** -> `montre` (emprunt) [Nom, Habillement].
*   **Mordre** -> `rũmi` / `gasge` [Verbe].
*   **Mort** -> `kũum` / `kɩɩnga` (mort, cadavre) [Nom].
*   **Moto** -> `montɛɛre` / `bug-bugi` [Nom, Transport].
*   **Mouche** -> `zõaaga` [Nom, Insecte].
*   **Moudre** -> `were` / `bʋke` [Verbe].
*   **Mouton** -> `peosgo` / `pesgo` [Nom, Animal].
*   **Mûr, Mûrir** -> `bɩ` / `bunga` (mûr) [Adjectif, Verbe].
*   **Mur** -> `lalga` [Nom, Construction].
*   **Musulman** -> `more` / `alsulaama` [Nom, Religion].

### **N**

*   **Nager** -> `rugi` [Verbe].
*   **Nation** -> *zamaan-tẽnga* [Nom].
*   **Nature (caractère)** -> `yalẽ` [Nom].
*   **Ne ... pas** -> `ka ... ye` / `pa ... ye` [Négation].
*   **Neuf (9)** -> `wae` / `wɛ` [Numéral].
*   **Neuf (nouveau)** -> `paalga` / `paalle` [Adjectif].
*   **Neveu** -> `pʋɩgdenga` [Famille].
*   **Nez** -> `yõore` [Corps].
*   **Nièce** -> `pʋɩgdenga` [Famille].
*   **Noël** -> `noelle` / *nowɛlle* (emprunt) / *Zezi dogem daare* [Nom, Fête].
*   **Noir** -> `sablga` [Adjectif, Couleur].
*   **Nom** -> `yʋʋre` [Nom].
*   **Nombre** -> `sõore` [Nom, Mathématiques].
*   **Nombreux** -> `wʋsgo` / `yagre` [Adjectif].
*   **Nombril** -> `yũuga` [Corps].
*   **Nord** -> `rɩtgo` / `wĩn-dɩtgo` [Direction].
*   **Notre** -> `tõnd` [Possessif].
*   **Nourriture** -> `rɩɩbo` / `dubo` [Nom].
*   **Nous** -> `tõnd` / `d` / `do` [Pronom].
*   **Nouveau** -> `paalga` / `paalle` [Adjectif].
*   **Nouvelle (information)** -> `kibare` / `bore` [Nom].
*   **Nuit** -> `yʋngo` [Nom, Temps].
*   **Nuque** -> `kāare` [Corps].

### **O - P**

*   **Objet** -> `teoogo` [Nom].
*   **Obtenir** -> `paame` [Verbe].
*   **Œuf** -> `gelle` [Nom, Aliment].
*   **Œil** -> `nifu` [Corps].
*   **Oignon** -> `gebre` / `albasle` / `zeyão` [Nom, Aliment].
*   **Oiseau** -> `liuula` [Nom, Animal].
*   **Ombre** -> `maasem` / `sulunsuku` [Nom].
*   **Oncle (maternel)** -> `ãsba` / `ma-raoogo` [Famille].
*   **Oncle (paternel)** -> `ba-bila` / `ba-kasenga` [Famille].
*   **Ondes (radio, etc.)** -> `ko-pema` [Nom].
*   **Ongle** -> `nug-yẽega` (main) / `nao-yẽega` (pied) [Corps].
*   **Oreille** -> `tʋbre` [Corps].
*   **Oser** -> `make` [Verbe].
*   **Ouest** -> `nen-taoore` / `wĩn-taoore` / `poorẽ baobgo` [Direction].
*   **Oui** -> *n-ye* / *õhõ* / *naaba* (réponse homme) [Interjection].
*   **Ouvrir** -> `pake` [Verbe].
*   **Pagne** -> `fu-poko` [Vêtement].
*   **Paille** -> `moogo` [Nom].
*   **Pain** -> `buri` [Nom, Aliment].
*   **Paix** -> `bãanem` / `laafɩ` [Nom].
*   **Pantalon** -> `kurga` / `kur-woko` [Vêtement].
*   **Paquet** -> `pakɩ` (emprunt) [Nom].
*   **Parce que** -> `bala` [Conjonction].
*   **Pardonner** -> `yaafe` / `maan sugri` [Verbe].
*   **Père** -> `ba` / `baaba` / `saamba` [Famille].
*   **Père (de famille)** -> `yir soaba` [Nom].
*   **Père (supérieur)** -> *kẽema* [Nom].
*   **Perdre** -> `meneme` / `menme` [Verbe].
*   **Perle** -> `kĩndfu` / `muizãanfo` [Nom, Habillement].
*   **Personne (être humain)** -> `neda` / `ninsaala` [Nom].
*   **Petit** -> `bila` / `bilfu` / `kudga` [Adjectif].
*   **Peu (un petit peu)** -> `bilfri` / `yẽnɩ` [Adverbe].
*   **Peuple** -> `neba` / `tẽng neba` [Nom].
*   **Peur** -> `rabeem` [Nom].
*   **Peut-être** -> `daare` / `raare` [Adverbe].
*   **Phare (auto)** -> `faare` (emprunt) [Nom, Transport].
*   **Photo** -> *foto* (emprunt) [Nom].
*   **Pied** -> `naoore` / `karga` [Corps].
*   **Pierre** -> `kugri` / `yɩgre` [Nom].
*   **Pile (batterie)** -> `pilli` (emprunt) / `bateri` [Nom].
*   **Piment** -> `kipare` [Nom, Aliment].
*   **Piquer** -> `vʋde` (une piqûre) / `kõse` (une épine) [Verbe].
*   **Plante (végétal)** -> `tɩɩga` / `moogo` (herbe) [Nom].
*   **Pleurer** -> `yãbe` / `kelem` [Verbe].
*   **Pluie** -> `saaga` [Nom, Météo].
*   **Poids** -> `zɩslem` / *kulo* (kilo) [Nom].
*   **Poisson** -> `zĩifu` / `zĩnfu` [Nom].
*   **Poitrine** -> `yãoogo` [Corps].
*   **Poivre** -> `kipare` [Nom, Aliment].
*   **Politique** -> `politiki` (emprunt) [Nom].
*   **Pont** -> `põ` (emprunt) / `kʋl-beongo` / `bɛoongo` [Nom, Construction].
*   **Porte** -> `kʋlenga` / `roog noore` / *port* (anglicisme) [Nom].
*   **Posséder** -> `so` / `tare` [Verbe].
*   **Pour** -> `yĩnga` [Préposition].
*   **Pourquoi** -> `bõe yĩnga` [Adverbe].
*   **Pousser** -> `tusi` [Verbe].
*   **Poussière** -> `wubsgu` / `tom` [Nom].
*   **Pouvoir (capacité)** -> `pãnga` / `tõogo` [Nom].
*   **Pouvoir (verbe)** -> `tõe` [Verbe]. Ex: *Mam tõe n maana.* (Je peux le faire.)
*   **Premier** -> `dẽenem` / `pipi` [Adjectif].
*   **Prendre** -> `rɩke` / `duke` (employer) [Verbe].
*   **Près (de)** -> `sɛɛga` / `pẽ` [Préposition].
*   **Prière** -> `pʋʋsgo` [Nom, Religion].
*   **Prix** -> `raasem` / `ligdi` / `yõodo` (bénéfice) [Nom].
*   **Problème** -> `yelle` / `yel-pakre` / `masɩɩba` (danger) [Nom].
*   **Prochain** -> `pʋgde` / `sẽn pʋgde` [Adjectif].
*   **Prune (de karité)** -> `taamde` / `taanga` (l'arbre) [Nom, Aliment].
*   **Puits** -> `bulga` / `ko-bundega` [Nom, Eau].

### **Q - R**

*   **Quand** -> `dabvre` / `rabʋre` (interrogatif) / `sã` (quand, si) [Adverbe, Conjonction].
*   **Quantité** -> `sõore` / `zeongo` [Nom].
*   **Quatre** -> `naase` [Numéral].
*   **Que / Quoi** -> `bõe` [Pronom interrogatif].
*   **Queue** -> `zʋʋre` [Corps, Animal].
*   **Qui** -> `ãnda` / *kâe* / `ninsa` [Pronom interrogatif].
*   **Quitter** -> `base` / `looge` [Verbe].
*   **Raconter** -> `togse` [Verbe].
*   **Raison** -> `bõe yĩnga` (pourquoi) / `yĩnga` (à cause de) [Nom].
*   **Rapide** -> `tʋʋlga` / `tʋʋlemd` [Adjectif].
*   **Rapporter** -> `wilg sẽn yɩla` / `maane` [Verbe].
*   **Rare** -> `bũmb sên pa we ye` [Adjectif].
*   **Rassembler** -> `tigmi` / `tiki` [Verbe].
*   **Rater** -> `kesge` / `yõsge` (louper) [Verbe].
*   **Récolte** -> `koodo` / `tigsgu` / `kẽebgo` [Nom, Agriculture].
*   **Reconnaissant** -> `sõm-mita` / `yel-sõm-mita` [Adjectif].
*   **Regarder** -> `gese` / `yã` [Verbe].
*   **Reine** -> `rĩm-poaka` [Nom, Politique].
*   **Reins** -> `sɛɛga` [Corps].
*   **Remplir** -> `pidsi` [Verbe].
*   **Rencontrer** -> `sɛge` / `sege` [Verbe].
*   **Rendre** -> `lebse` / `kuse` (rendre, restituer) [Verbe].
*   **Repas** -> `rɩɩbo` [Nom].
*   **Reposer (se)** -> `vʋʋse` / `pemse` [Verbe].
*   **Reprendre** -> `lebs samde` (rembourser) / `leoke` (répondre) [Verbe].
*   **Répondre** -> `leoke` [Verbe].
*   **Repos** -> `vʋʋsem` / `vʋʋsgo` [Nom].
*   **Respect** -> `waoogre` / `ziiri` / `yʋ-noogo` [Nom].
*   **Respirer** -> `vʋʋse` [Verbe].
*   **Reste (le reste)** -> `kelle` / `kellga` [Nom].
*   **Rester** -> `pa` / `zĩndi` (s'asseoir, habiter) [Verbe].
*   **Retourner** -> `lebe` [Verbe].
*   **Réunion** -> `tigsga` / `tiginga` [Nom].
*   **Rêve** -> `zãmsdo` / `zãmsgo` [Nom].
*   **Rêver** -> `zãmse` [Verbe].
*   **Riche** -> `arzɛk soaba` / `tarem soaba` / `rakãagre` [Nom, Adjectif].
*   **Rire** -> `la` [Verbe, Nom].
*   **Rivière** -> `kʋlga` / `kʋɩlga` [Nom, Eau].
*   **Riz** -> `mui` [Nom, Aliment].
*   **Roi** -> `rĩma` / `naaba` [Nom, Politique].
*   **Rond** -> `gilga` / `giulgu` [Adjectif].
*   **Rouge** -> `miuugu` / `zẽegemde` [Adjectif, Couleur].
*   **Route** -> `sore` [Nom].
*   **Ruisseau** -> `kʋl-faanga` / `kʋl-vaoko` (à sec) [Nom, Eau].

### **S**

*   **Sable** -> `bĩisri` [Nom, Géographie].
*   **Sac** -> `korgo` / `yolgo` / *sachet en plastique* `mana` [Nom].
*   **Saison des pluies** -> `sẽoogo` / `sa-niir sasa` [Nom, Météo].
*   **Saison sèche** -> `sapalgo` / `sɩpaolgo` / `zu-pɛɛla` [Nom, Météo].
*   **Salle de classe** -> `karen-doogo` [Nom, École].
*   **Salut (formule)** -> `Ne y yibeoogo` (Bonjour) / `Ne y sõasga` (Bonjour à vous qui causez) [Interjection].
*   **Sang** -> `zɩɩm` [Corps].
*   **Santé** -> `laafɩ` / `keelem` [Nom].
*   **Sarcler** -> `ko` (cultiver) / `ware` [Verbe, Agriculture].
*   **Satan** -> `sʋtãana` / *Sʋɩtãana* [Nom, Religion].
*   **Sauce** -> `zẽedo` [Nom, Aliment].
*   **Savon** -> `safãnde` [Nom].
*   **Savoir** -> `bãnge` / `mi` [Verbe].
*   **Sein** -> `bĩisri` [Corps].
*   **Sel** -> `yamsem` [Nom, Aliment].
*   **Selle (vélo)** -> `gaare` [Nom].
*   **Semaine** -> `sɩmende` (emprunt) / `da-yopoende` / `rasem a yopoe` [Nom, Temps].
*   **Semencer** -> `bʋde` / `bʋke` [Verbe, Agriculture].
*   **Semence** -> `bõn-buudu` [Nom, Agriculture].
*   **Sens (de l'odorat)** -> `yũug yalg wilgda` [Nom, Corps].
*   **Sentir (odorat)** -> `yũmsi` / `yõbse` [Verbe].
*   **Sept** -> `yopoe` [Numéral].
*   **Sérieux** -> `sɩd-sɩda` (vraiment) / `yelle` (affaire, problème) [Adjectif].
*   **Serpent** -> `waafo` / `mo-golle` [Nom, Reptile].
*   **Serviette** -> `sarbɛta` (emprunt) / *yẽesdga* (mouchoir) [Nom].
*   **Sésame** -> `siilfu` / `sĩinfu` [Nom, Aliment].
*   **Seul** -> `yembre` / `yende` [Adjectif].
*   **Si (condition)** -> `sã` [Conjonction].
*   **Siècle** -> `yʋʋm kobre` [Nom, Temps].
*   **Siège (chaise)** -> `zaooga` / *goeele* [Nom].
*   **Siffler** -> `fulle` / `vɩɩle` [Verbe].
*   **Signe** -> `bãnde` / `magbo` (geste) [Nom].
*   **Silence** -> `sĩndgu` [Nom].
*   **Simple** -> `zaalga` / `zaalle` [Adjectif].
*   **Soleil** -> `wĩndga` / `wĩntoogo` [Nom, Ciel].
*   **Solide** -> `kegemde` / `kãdemde` [Adjectif].
*   **Soluble** -> `bũmb sên tõe n booge koomẽ` [Adjectif].
*   **Solution** -> `leoore` / `yell tɩɩm` [Nom].
*   **Sommeil** -> `gõeem` [Nom].
*   **Son (possessif)** -> `a` / `yẽ` [Possessif].
*   **Son (bruit)** -> `wʋmdre` / *rãamde* [Nom].
*   **Sonder** -> `fesse` / `pẽrse` [Verbe].
*   **Soupe** -> `bum` / `zẽedo` [Nom, Aliment].
*   **Sourd** -> `wʋnga` / `tʋb-kɩda` [Adjectif, Personne].
*   **Sourire** -> `yõgengo` / `yõgem noore` [Nom, Verbe].
*   **Sous** -> `tẽngre` [Préposition].
*   **Soutien** -> `se-tɛɛga` / `tarem` (soutien moral) [Nom].
*   **Souvent** -> `naoor wʋsgo` [Adverbe].
*   **Sucre** -> `sʋkre` (emprunt) / `yams-sɩɩdo` [Nom, Aliment].
*   **Sud** -> `wĩn-goabga` / `goabg baobgo` [Direction].
*   **Suede** -> *Suwɛdi* (emprunt) [Nom, Pays].
*   **Suisse** -> *Suwis* (emprunt) / *Nasaar soaba* (Européen) [Nom, Personne].
*   **Suivre** -> `tũ` [Verbe]. Ex: *Tũ maam.* (Suis-moi.)
*   **Supermarché** -> `roog sẽn koosd teedo` [Nom, Magasin].
*   **Sur** -> `zugu` [Préposition].
*   **Sûr (certain)** -> `sɩd-sɩda` / `sɩda` [Adjectif].
*   **Système** -> `bũmb buud kem-yembre` / `bũmb buud fãa yalẽ` (état) [Nom].

### **T**

*   **Table** -> `taable` (emprunt) [Nom, Mobilier].
*   **Tableau (noir)** -> `taablo` (emprunt) / `wal-kãsenga` [Nom, École].
*   **Tache** -> `tẽka` / `sulli` (tâche, spot) [Nom].
*   **Taille (hauteur)** -> `woglem` / `zãndlem` [Nom, Mathématiques].
*   **Talon** -> `nao-kãsenkãare` [Corps].
*   **Tambour** -> `bendre` / `gãngãoogo` (grand tambour) [Nom, Musique].
*   **Tant (autant que)** -> `ta` / `tã` [Adverbe].
*   **Tard** -> `kaoosgo` (longtemps) / `yaooga` (tardif) [Adjectif, Adverbe].
*   **Tasse** -> *tass* (emprunt) / *laaga* (récipient) [Nom].
*   **Te / Toi** -> `f` / `fo` / `foo` [Pronom].
*   **Technique** -> `bãngr goama` / `manesem tũnunga` (manière de faire) [Nom].
*   **Teint (peau)** -> `yĩnga gãongo` [Corps].
*   **Teinture** -> `gare` / `soabga` (teinture noire) / `tɩdare` (parfum) [Nom].
*   **Téléphone** -> *telephonde* (emprunt) / *nugẽ bãnga* (portable) [Nom, Communication].
*   **Témoin** -> `kaset-soaba` / `kaseto` [Nom, Justice].
*   **Tempête** -> `seb-raoogo` / `sob-kẽenga` [Nom, Météo].
*   **Temps (durée)** -> `wakate` / `sasa` / `wẽnde` [Nom].
*   **Temps (météo)** -> `zĩiga` (le temps qu'il fait) / `sasa` (saison) [Nom].
*   **Tendre (souple)** -> `lomsgo` / `bʋgsgo` [Adjectif].
*   **Tenir** -> `gãde` / `tall` / `zã` (tenir, garder) [Verbe].
*   **Tension (artère)** -> *tãsɩyõ* (hypertension) [Nom, Médecine].
*   **Tête** -> `zugu` [Corps].
*   **Tissu (étoffe)** -> `fuugu` / `peende` (bande de tissu) [Nom].
*   **Titre** -> `gom-zugu` / `zãmsgã gom-zugu` [Nom].
*   **Toi** -> `fo` / `foo` / `f` [Pronom].
*   **Tombe** -> `yaoogo` [Nom].
*   **Ton / Ta / Tes** -> `f` / `fo` [Possessif].
*   **Tonnerre** -> `sa-tãse` / `saagã yãbre` [Nom, Météo].
*   **Tortue** -> `kuri` [Nom, Reptile].
*   **Total** -> `fãa` / `zãnga` / `sõd-kʋmsdga` (somme) [Adjectif, Nom].
*   **Toucher (tact)** -> `sɩɩsg yalg wilgda` [Nom, Corps].
*   **Toujours** -> `daar fãa` / `kullu` [Adverbe].
*   **Tour (autour)** -> `vilimdi` (faire le tour) / `gilgi` (tourner) [Nom, Verbe].
*   **Tourner** -> `gõde` / `yilmi` / `gilgi` [Verbe].
*   **Tous** -> `fãa` / `zãnga` [Adjectif].
*   **Tout** -> `fãa` / `zãnga` / `gilli` [Adverbe, Adjectif].
*   **Travail** -> `tʋʋmde` / `tʋʋma` [Nom].
*   **Travailler** -> `tʋme` [Verbe]. Ex: *A tʋmda raar fãa.* (Il travaille chaque jour.)
*   **Traverser** -> `rʋʋge` / `pɩʋʋge` / `pasge` [Verbe].
*   **Très** -> `wʋsgo` / `liga` (avec d'autres adjectifs) [Adverbe].
*   **Triste** -> `sũur ka noom` / `sũ-sãango` [Adjectif].
*   **Trois** -> `tã` / `tãabo` [Numéral].
*   **Troisième** -> `tãab soaba` [Adjectif numéral].
*   **Tromper** -> `fage` / `belge` / `tudgi` (se tromper) [Verbe].
*   **Tronc (arbre)** -> `tɩɩg sɛɛga` [Nom, Arbre].
*   **Trône** -> `naam geere` / `zaoore` [Nom, Politique].
*   **Trop** -> `wʋsgo` (beaucoup) / `toogo` (cher, difficile) [Adverbe].
*   **Trou** -> `boko` / `võore` [Nom].
*   **Troupeau** -> `bãgre` / `rũm-fuuri` [Nom, Animal].
*   **Tu / Te / Toi** -> `f` / `fo` / `foo` [Pronom].

### **U - V**

*   **Un, Une** -> `a ye` / `yembre` / `sembo` [Numéral, Article].
*   **Unique** -> `sẽn ka to` / `yende` / `yembre` [Adjectif].
*   **Usine** -> `lozĩndi` (emprunt) [Nom, Bâtiment].
*   **Utiliser** -> `duke` / `rɩke` / `tall n maane` [Verbe].
*   **Vache** -> `naafo` / `nag-yãanga` [Nom, Animal].
*   **Vague (eau)** -> `ko-pemde` [Nom, Eau].
*   **Valise** -> `fut-koglgo` [Nom, Bagage].
*   **Vallée** -> `tãng sɛɛga` / `zĩig sẽn be tãms a yiib sʋka` [Nom, Géographie].
*   **Vapeur** -> `walem` / `ko-walem` [Nom, Eau].
*   **Vent** -> `sebgo` / `seobgo` / `sobgo` [Nom, Météo].
*   **Vendre** -> `koose` [Verbe]. Ex: *A koosda nanguri.* (Il/Elle vend des arachides.)
*   **Venir** -> `wa` [Verbe]. Ex: *A watame.* (Il/Elle vient.)
*   **Ventre** -> `pʋga` / `põaaga` (intérieur) [Corps].
*   **Vérité** -> `sɩda` [Nom].
*   **Vers (direction)** -> `sẽnẽ` / `togelle` [Préposition].
*   **Vert / Verte** -> `këega` / `kẽenem` (verdure) [Adjectif, Couleur].
*   **Veste** -> `fu-yergo` / *veste* (emprunt) [Vêtement].
*   **Vêtement** -> `fuugu` / `futu` (pluriel) [Nom].
*   **Vidéo** -> `videyo` (emprunt) [Nom].
*   **Vie** -> `vɩɩm` / `vʋɩɩm` [Nom].
*   **Vieillard** -> `nin-kẽema` [Nom, Personne].
*   **Vieux / Vieille** -> `kʋdre` / `kʋʋlga` [Adjectif].
*   **Village** -> `tẽnga` / `tẽn-bila` [Nom, Géographie].
*   **Vingt** -> `pisi` [Numéral].
*   **Violence** -> `nen-keelem` / `pãn-zãare` (force brutale) [Nom].
*   **Vite** -> `tao` / `tao-tao` / `tʋʋlle` [Adverbe].
*   **Vitesse** -> `tʋʋlem` / `tƖʋlem` [Nom].
*   **Vivre** -> `vɩ` / `vɩɩmde` [Verbe].
*   **Voici / Voilà** -> `ad` / `ade` [Présentatif].
*   **Voie (route)** -> `sore` / `tũ-n-tatga` (voie de communication) [Nom].
*   **Voile (bateau)** -> *voile* (emprunt) / *koglgo* (pirogue) [Nom, Transport].
*   **Voir** -> `yã` / `ne` / `gese` (regarder) [Verbe].
*   **Voiture** -> `mobilli` / `lore` / `zirga` (automobile) [Nom, Transport].
*   **Voix** -> `koɛɛga` / `koeega` [Nom].
*   **Voler (dérober)** -> `zu` [Verbe]. Ex: *A zuka ligdã.* (Il a volé l'argent.)
*   **Voler (oiseau)** -> `yɩke` / `yẽke` [Verbe].
*   **Volonté** -> `raabo` / `ratem` / `tʋlsem` [Nom].
*   **Votre** -> `yãmb` / `y` [Possessif].
*   **Vouloir** -> `date` / `ra` [Verbe]. Ex: *M data koom.* (Je veux de l'eau.)
*   **Vous** -> `yãmb` / `y` [Pronom].
*   **Vrai** -> `sɩda` / `sɩd-sɩda` [Adjectif].
*   **Vue (capacité de voir)** -> `nenem` / `yãabo` (le fait de voir) [Nom].

### **W - Y - Z**


*   **Yam (igname)** -> `ku` / `busa` [Nom, Aliment].
*   **Yaourt** -> `bïis-göeem` / *yaourt* (emprunt) [Nom, Aliment].
*   **Yeux** -> `nini` (pluriel) / `nifu` (singulier) [Corps].
*   **Zèbre** -> *weo-bõanga* / *dargõ* (emprunt) [Nom, Animal].
*   **Zéro** -> `zaalem` / `feoogo` / *zero* (emprunt) [Numéral].
*   **Zone (région)** -> `baobgo` / `weoogo` / `soolem` (territoire) [Nom, Géographie].
*   **Zoo** -> `we-rũms reongo` / `we-rũms zĩiga` [Nom, Lieu].